21.33,90.33,123,medium
21.41,90.41,93,medium
27.12,96.12,196,high
27.64,96.64,177,high
10.87,79.87,87,low
11.31,80.31,40,low
18.16,87.16,88,medium
28.2,97.2,162,high
14.25,83.25,61,low
26.13,95.13,168,high
23.61,92.61,200,high
19.37,88.37,117,medium
29.08,98.08,179,high
17.83,86.83,55,medium
28.06,97.06,148,high
19.43,88.43,123,medium
26.85,95.85,169,high
26.51,95.51,135,high
29.49,98.49,149,high
20.94,89.94,122,medium
28.6,97.6,131,high
18.62,87.62,43,medium
14.43,83.43,79,low
26.69,95.69,153,high
15.67,84.67,21,medium
26.63,95.63,147,high
17.58,86.58,30,medium
21.53,90.53,105,medium
20.99,89.99,127,medium
23.94,92.94,162,high
19.06,88.06,87,medium
25.46,94.46,172,high
29.19,98.19,190,high
28.73,97.73,144,high
21.69,90.69,121,medium
23.66,92.66,134,high
19.51,88.51,93,medium
14.84,83.84,29,low
15.34,84.34,79,medium
20.76,89.76,104,medium
28.08,97.08,150,high
14.23,83.23,59,low
20.0,89.0,104,medium
13.13,82.13,40,low
21.96,90.96,110,medium
24.84,93.84,181,high
15.14,84.14,59,medium
13.89,82.89,25,low
21.77,90.77,129,medium
20.43,89.43,109,medium
24.82,93.82,179,high
23.89,92.89,157,high
13.06,82.06,33,low
19.94,88.94,98,medium
24.06,93.06,174,high
19.56,88.56,98,medium
17.39,86.39,11,medium
13.03,82.03,30,low
21.8,90.8,94,medium
23.24,92.24,163,high
12.26,81.26,44,low
18.37,87.37,18,medium
23.46,92.46,185,high
20.05,89.05,109,medium
19.07,88.07,88,medium
24.52,93.52,149,high
21.67,90.67,119,medium
12.06,81.06,24,low
21.86,90.86,100,medium
23.09,92.09,148,high
25.74,94.74,200,high
22.63,91.63,109,medium
21.12,90.12,102,medium
25.47,94.47,173,high
23.56,92.56,195,high
21.0,90.0,128,medium
25.81,94.81,136,high
25.76,94.76,131,high
22.66,91.66,112,medium
26.78,95.78,162,high
22.77,91.77,123,medium
20.66,89.66,94,medium
16.75,85.75,38,medium
26.87,95.87,171,high
27.84,96.84,197,high
25.34,94.34,160,high
12.79,81.79,6,low
27.92,96.92,134,high
11.33,80.33,42,low
16.47,85.47,10,medium
29.74,98.74,174,high
20.89,89.89,117,medium
27.96,96.96,138,high
24.53,93.53,150,high
28.44,97.44,186,high
11.89,80.89,7,low
25.89,94.89,144,high
29.5,98.5,150,high
21.38,90.38,128,medium
14.18,83.18,54,low
19.0,88.0,81,medium
28.68,97.68,139,high
12.54,81.54,72,low
21.26,90.26,116,medium
11.77,80.77,86,low
20.44,89.44,110,medium
22.59,91.59,105,medium
10.31,79.31,31,low
10.6,79.6,60,low
17.5,86.5,22,medium
24.08,93.08,176,high
22.64,91.64,110,medium
18.53,87.53,34,medium
28.95,97.95,166,high
25.78,94.78,133,high
17.24,86.24,87,medium
24.0,93.0,168,high
25.63,94.63,189,high
20.73,89.73,101,medium
29.06,98.06,177,high
19.84,88.84,126,medium
17.21,86.21,84,medium
18.65,87.65,46,medium
21.68,90.68,120,medium
12.58,81.58,76,low
13.22,82.22,49,low
22.42,91.42,118,medium
27.8,96.8,193,high
29.79,98.79,179,high
11.92,80.92,10,low
13.28,82.28,55,low
10.4,79.4,40,low
20.11,89.11,115,medium
13.46,82.46,73,low
13.95,82.95,31,low
27.86,96.86,199,high
20.63,89.63,129,medium
18.07,87.07,79,medium
19.97,88.97,101,medium
14.16,83.16,52,low
28.45,97.45,187,high
28.36,97.36,178,high
29.3,98.3,130,high
19.26,88.26,106,medium
29.78,98.78,178,high
23.93,92.93,161,high
28.62,97.62,133,high
25.19,94.19,145,high
23.78,92.78,146,high
28.22,97.22,164,high
21.39,90.39,129,medium
17.88,86.88,60,medium
29.94,98.94,194,high
21.05,90.05,95,medium
29.89,98.89,189,high
28.84,97.84,155,high
26.06,95.06,161,high
24.4,93.4,137,high
16.79,85.79,42,medium
26.03,95.03,158,high
26.38,95.38,193,high
10.46,79.46,46,low
21.97,90.97,111,medium
26.32,95.32,187,high
26.46,95.46,130,high
12.74,81.74,1,low
29.37,98.37,137,high
14.83,83.83,28,low
16.88,85.88,51,medium
10.92,79.92,1,low
11.45,80.45,54,low
14.35,83.35,71,low
15.21,84.21,66,medium
27.14,96.14,198,high
16.54,85.54,17,medium
11.84,80.84,2,low
17.56,86.56,28,medium
28.87,97.87,158,high
11.88,80.88,6,low
13.62,82.62,89,low
15.86,84.86,40,medium
29.91,98.91,191,high
25.87,94.87,142,high
24.62,93.62,159,high
23.82,92.82,150,high
26.64,95.64,148,high
29.86,98.86,186,high
28.25,97.25,167,high
16.82,85.82,45,medium
26.61,95.61,145,high
21.27,90.27,117,medium
24.78,93.78,175,high
27.43,96.43,156,high
16.56,85.56,19,medium
13.0,82.0,27,low
19.14,88.14,94,medium
16.04,85.04,58,medium
25.96,94.96,151,high
25.41,94.41,167,high
22.71,91.71,117,medium
14.59,83.59,4,low
14.77,83.77,22,low
14.07,83.07,43,low
11.09,80.09,18,low
10.52,79.52,52,low
22.06,91.06,120,medium
17.77,86.77,49,medium
12.56,81.56,74,low
20.98,89.98,126,medium
27.17,96.17,130,high
10.65,79.65,65,low
11.32,80.32,41,low
22.09,91.09,123,medium
20.93,89.93,121,medium
14.92,83.92,37,low
21.98,90.98,112,medium
21.78,90.78,92,medium
10.33,79.33,33,low
12.61,81.61,79,low
19.09,88.09,90,medium
26.19,95.19,174,high
27.11,96.11,195,high
23.59,92.59,198,high
27.26,96.26,139,high
29.35,98.35,135,high
19.99,88.99,103,medium
22.18,91.18,94,medium
14.36,83.36,72,low
12.41,81.41,59,low
11.48,80.48,57,low
15.43,84.43,88,medium
18.93,87.93,74,medium
14.42,83.42,78,low
18.74,87.74,55,medium
10.21,79.21,21,low
26.98,95.98,182,high
22.41,91.41,117,medium
21.74,90.74,126,medium
17.44,86.44,16,medium
27.99,96.99,141,high
25.44,94.44,170,high
16.93,85.93,56,medium
11.1,80.1,19,low
25.16,94.16,142,high
17.53,86.53,25,medium
13.58,82.58,85,low
12.72,81.72,90,low
27.69,96.69,182,high
26.24,95.24,179,high
23.67,92.67,135,high
16.01,85.01,55,medium
22.04,91.04,118,medium
25.32,94.32,158,high
15.97,84.97,51,medium
13.94,82.94,30,low
22.39,91.39,115,medium
11.55,80.55,64,low
10.19,79.19,19,low
14.28,83.28,64,low
24.01,93.01,169,high
19.57,88.57,99,medium
21.92,90.92,106,medium
12.86,81.86,13,low
20.09,89.09,113,medium
19.45,88.45,125,medium
21.15,90.15,105,medium
18.79,87.79,60,medium
20.31,89.31,97,medium
10.85,79.85,85,low
12.49,81.49,67,low
27.23,96.23,136,high
20.1,89.1,114,medium
11.87,80.87,5,low
29.11,98.11,182,high
11.9,80.9,8,low
21.17,90.17,107,medium
10.2,79.2,20,low
11.52,80.52,61,low
22.62,91.62,108,medium
24.7,93.7,167,high
23.38,92.38,177,high
23.44,92.44,183,high
26.86,95.86,170,high
25.01,94.01,198,high
26.55,95.55,139,high
19.34,88.34,114,medium
27.13,96.13,197,high
23.52,92.52,191,high
11.02,80.02,11,low
28.26,97.26,168,high
22.0,91.0,114,medium
10.1,79.1,10,low
12.63,81.63,81,low
25.14,94.14,140,high
20.46,89.46,112,medium
11.54,80.54,63,low
14.22,83.22,58,low
12.55,81.55,73,low
11.05,80.05,14,low
18.87,87.87,68,medium
20.08,89.08,112,medium
20.24,89.24,128,medium
24.85,93.85,182,high
18.47,87.47,28,medium
17.32,86.32,4,medium
26.21,95.21,176,high
23.32,92.32,171,high
16.2,85.2,74,medium
26.83,95.83,167,high
29.17,98.17,188,high
13.16,82.16,43,low
20.68,89.68,96,medium
24.23,93.23,191,high
15.99,84.99,53,medium
23.18,92.18,157,high
11.66,80.66,75,low
29.77,98.77,177,high
11.21,80.21,30,low
14.58,83.58,3,low
10.3,79.3,30,low
10.81,79.81,81,low
28.09,97.09,151,high
18.71,87.71,52,medium
22.56,91.56,102,medium
12.15,81.15,33,low
17.85,86.85,57,medium
25.21,94.21,147,high
28.66,97.66,137,high
18.7,87.7,51,medium
15.65,84.65,19,medium
27.7,96.7,183,high
26.14,95.14,169,high
15.07,84.07,52,medium
15.27,84.27,72,medium
28.14,97.14,156,high
24.25,93.25,193,high
23.77,92.77,145,high
28.7,97.7,141,high
17.42,86.42,14,medium
27.36,96.36,149,high
24.88,93.88,185,high
10.23,79.23,23,low
14.21,83.21,57,low
10.08,79.08,8,low
28.49,97.49,191,high
22.13,91.13,127,medium
18.33,87.33,14,medium
19.32,88.32,112,medium
21.58,90.58,110,medium
21.55,90.55,107,medium
23.26,92.26,165,high
15.79,84.79,33,medium
16.73,85.73,36,medium
21.63,90.63,115,medium
18.78,87.78,59,medium
19.4,88.4,120,medium
13.08,82.08,35,low
25.26,94.26,152,high
11.67,80.67,76,low
12.4,81.4,58,low
17.84,86.84,56,medium
29.41,98.41,141,high
15.24,84.24,69,medium
25.43,94.43,169,high
25.66,94.66,192,high
23.79,92.79,147,high
17.06,86.06,69,medium
29.29,98.29,200,high
24.39,93.39,136,high
10.78,79.78,78,low
17.48,86.48,20,medium
20.91,89.91,119,medium
19.85,88.85,127,medium
17.15,86.15,78,medium
28.29,97.29,171,high
17.38,86.38,10,medium
14.31,83.31,67,low
23.27,92.27,166,high
20.22,89.22,126,medium
25.97,94.97,152,high
14.11,83.11,47,low
18.32,87.32,13,medium
19.19,88.19,99,medium
24.64,93.64,161,high
22.82,91.82,128,medium
23.74,92.74,142,high
11.25,80.25,34,low
29.58,98.58,158,high
16.14,85.14,68,medium
11.59,80.59,68,low
10.24,79.24,24,low
27.81,96.81,194,high
12.11,81.11,29,low
17.89,86.89,61,medium
16.65,85.65,28,medium
16.25,85.25,79,medium
15.44,84.44,89,medium
14.05,83.05,41,low
10.77,79.77,77,low
20.47,89.47,113,medium
26.26,95.26,181,high
28.13,97.13,155,high
20.33,89.33,99,medium
27.02,96.02,186,high
22.08,91.08,122,medium
21.75,90.75,127,medium
26.81,95.81,165,high
15.72,84.72,26,medium
28.63,97.63,134,high
19.68,88.68,110,medium
20.9,89.9,118,medium
12.32,81.32,50,low
10.36,79.36,36,low
21.31,90.31,121,medium
21.51,90.51,103,medium
14.99,83.99,44,low
21.71,90.71,123,medium
21.48,90.48,100,medium
14.44,83.44,80,low
18.68,87.68,49,medium
29.68,98.68,168,high
24.97,93.97,194,high
29.92,98.92,192,high
16.38,85.38,1,medium
27.39,96.39,152,high
12.02,81.02,20,low
11.38,80.38,47,low
20.12,89.12,116,medium
14.09,83.09,45,low
24.35,93.35,132,high
28.97,97.97,168,high
29.02,98.02,173,high
28.28,97.28,170,high
16.84,85.84,47,medium
26.43,95.43,198,high
29.48,98.48,148,high
17.41,86.41,13,medium
25.04,94.04,130,high
15.51,84.51,5,medium
13.24,82.24,51,low
16.76,85.76,39,medium
24.28,93.28,196,high
22.73,91.73,119,medium
16.28,85.28,82,medium
14.71,83.71,16,low
19.21,88.21,101,medium
24.24,93.24,192,high
14.88,83.88,33,low
18.5,87.5,31,medium
15.96,84.96,50,medium
10.44,79.44,44,low
25.73,94.73,199,high
27.77,96.77,190,high
10.29,79.29,29,low
18.72,87.72,53,medium
20.48,89.48,114,medium
24.33,93.33,130,high
15.42,84.42,87,medium
28.05,97.05,147,high
17.72,86.72,44,medium
12.22,81.22,40,low
18.52,87.52,33,medium
25.06,94.06,132,high
10.34,79.34,34,low
26.35,95.35,190,high
10.95,79.95,4,low
15.64,84.64,18,medium
10.48,79.48,48,low
12.25,81.25,43,low
14.73,83.73,18,low
20.97,89.97,125,medium
23.3,92.3,169,high
21.11,90.11,101,medium
19.36,88.36,116,medium
25.17,94.17,143,high
10.96,79.96,5,low
27.49,96.49,162,high
29.63,98.63,163,high
27.87,96.87,200,high
17.63,86.63,35,medium
29.2,98.2,191,high
24.43,93.43,140,high
20.07,89.07,111,medium
28.3,97.3,172,high
14.1,83.1,46,low
23.96,92.96,164,high
13.8,82.8,16,low
11.24,80.24,33,low
25.83,94.83,138,high
29.09,98.09,180,high
19.65,88.65,107,medium
15.12,84.12,57,medium
13.48,82.48,75,low
29.53,98.53,153,high
22.65,91.65,111,medium
22.38,91.38,114,medium
27.82,96.82,195,high
14.96,83.96,41,low
11.29,80.29,38,low
19.22,88.22,102,medium
10.82,79.82,82,low
26.05,95.05,160,high
23.68,92.68,136,high
28.64,97.64,135,high
13.72,82.72,8,low
19.05,88.05,86,medium
15.02,84.02,47,medium
20.23,89.23,127,medium
10.63,79.63,63,low
20.61,89.61,127,medium
11.07,80.07,16,low
16.97,85.97,60,medium
23.15,92.15,154,high
28.07,97.07,149,high
13.81,82.81,17,low
16.68,85.68,31,medium
27.95,96.95,137,high
14.9,83.9,35,low
17.87,86.87,59,medium
22.43,91.43,119,medium
13.36,82.36,63,low
17.34,86.34,6,medium
17.29,86.29,1,medium
15.87,84.87,41,medium
10.39,79.39,39,low
22.61,91.61,107,medium
23.33,92.33,172,high
29.12,98.12,183,high
26.27,95.27,182,high
25.52,94.52,178,high
19.3,88.3,110,medium
19.72,88.72,114,medium
16.57,85.57,20,medium
23.07,92.07,146,high
12.03,81.03,21,low
11.78,80.78,87,low
28.19,97.19,161,high
26.8,95.8,164,high
16.3,85.3,84,medium
20.87,89.87,115,medium
12.13,81.13,31,low
18.69,87.69,50,medium
13.83,82.83,19,low
17.27,86.27,90,medium
18.86,87.86,67,medium
24.13,93.13,181,high
16.39,85.39,2,medium
25.39,94.39,165,high
15.68,84.68,22,medium
27.76,96.76,189,high
17.68,86.68,40,medium
16.05,85.05,59,medium
12.62,81.62,80,low
22.11,91.11,125,medium
14.51,83.51,87,low
21.61,90.61,113,medium
22.54,91.54,100,medium
11.13,80.13,22,low
15.81,84.81,35,medium
23.06,92.06,145,high
16.98,85.98,61,medium
22.22,91.22,98,medium
13.67,82.67,3,low
11.46,80.46,55,low
13.1,82.1,37,low
24.66,93.66,163,high
10.28,79.28,28,low
11.98,80.98,16,low
26.28,95.28,183,high
20.65,89.65,93,medium
23.45,92.45,184,high
19.91,88.91,95,medium
24.21,93.21,189,high
13.39,82.39,66,low
28.77,97.77,148,high
18.34,87.34,15,medium
26.48,95.48,132,high
27.03,96.03,187,high
16.69,85.69,32,medium
25.42,94.42,168,high
17.08,86.08,71,medium
28.27,97.27,169,high
22.05,91.05,119,medium
24.91,93.91,188,high
16.95,85.95,58,medium
22.89,91.89,127,medium
24.98,93.98,195,high
29.84,98.84,184,high
25.09,94.09,135,high
22.49,91.49,125,medium
29.87,98.87,187,high
11.64,80.64,73,low
11.16,80.16,25,low
18.13,87.13,85,medium
10.03,79.03,3,low
11.81,80.81,90,low
24.96,93.96,193,high
23.63,92.63,131,high
27.29,96.29,142,high
10.66,79.66,66,low
18.02,87.02,74,medium
12.76,81.76,3,low
14.66,83.66,11,low
29.36,98.36,136,high
24.47,93.47,144,high
16.44,85.44,7,medium
16.09,85.09,63,medium
25.77,94.77,132,high
29.33,98.33,133,high
10.42,79.42,42,low
25.23,94.23,149,high
29.21,98.21,192,high
23.53,92.53,192,high
20.72,89.72,100,medium
19.81,88.81,123,medium
13.41,82.41,68,low
29.51,98.51,151,high
25.79,94.79,134,high
17.66,86.66,38,medium
11.12,80.12,21,low
17.52,86.52,24,medium
11.69,80.69,78,low
25.56,94.56,182,high
18.0,87.0,72,medium
17.46,86.46,18,medium
29.24,98.24,195,high
19.87,88.87,129,medium
20.59,89.59,125,medium
20.95,89.95,123,medium
11.95,80.95,13,low
13.02,82.02,29,low
12.48,81.48,66,low
29.57,98.57,157,high
19.82,88.82,124,medium
17.31,86.31,3,medium
11.93,80.93,11,low
25.99,94.99,154,high
18.8,87.8,61,medium
16.24,85.24,78,medium
19.17,88.17,97,medium
28.92,97.92,163,high
11.19,80.19,28,low
28.99,97.99,170,high
21.54,90.54,106,medium
27.01,96.01,185,high
16.22,85.22,76,medium
11.94,80.94,12,low
24.94,93.94,191,high
22.32,91.32,108,medium
27.68,96.68,181,high
29.88,98.88,188,high
26.33,95.33,188,high
13.21,82.21,48,low
27.09,96.09,193,high
24.18,93.18,186,high
27.41,96.41,154,high
14.89,83.89,34,low
21.1,90.1,100,medium
23.58,92.58,197,high
13.99,82.99,35,low
20.75,89.75,103,medium
27.08,96.08,192,high
21.37,90.37,127,medium
11.23,80.23,32,low
21.23,90.23,113,medium
25.13,94.13,139,high
15.74,84.74,28,medium
10.11,79.11,11,low
20.17,89.17,121,medium
10.57,79.57,57,low
22.53,91.53,129,medium
15.08,84.08,53,medium
12.39,81.39,57,low
15.56,84.56,10,medium
25.61,94.61,187,high
11.03,80.03,12,low
14.62,83.62,7,low
21.79,90.79,93,medium
15.66,84.66,20,medium
10.99,79.99,8,low
28.18,97.18,160,high
17.12,86.12,75,medium
16.96,85.96,59,medium
22.76,91.76,122,medium
18.14,87.14,86,medium
14.19,83.19,55,low
20.7,89.7,98,medium
17.67,86.67,39,medium
13.73,82.73,9,low
20.71,89.71,99,medium
13.27,82.27,54,low
23.39,92.39,178,high
11.44,80.44,53,low
26.15,95.15,170,high
14.68,83.68,13,low
23.03,92.03,142,high
22.3,91.3,106,medium
28.32,97.32,174,high
28.4,97.4,182,high
12.17,81.17,35,low
18.04,87.04,76,medium
10.9,79.9,90,low
12.12,81.12,30,low
19.66,88.66,108,medium
20.88,89.88,116,medium
14.5,83.5,86,low
12.51,81.51,69,low
14.2,83.2,56,low
11.79,80.79,88,low
16.27,85.27,81,medium
22.31,91.31,107,medium
10.67,79.67,67,low
13.07,82.07,34,low
15.03,84.03,48,medium
23.31,92.31,170,high
10.53,79.53,53,low
28.52,97.52,194,high
28.43,97.43,185,high
10.49,79.49,49,low
16.18,85.18,72,medium
22.52,91.52,128,medium
17.11,86.11,74,medium
13.55,82.55,82,low
28.23,97.23,165,high
26.2,95.2,175,high
26.04,95.04,159,high
25.59,94.59,185,high
25.8,94.8,135,high
23.69,92.69,137,high
15.41,84.41,86,medium
19.67,88.67,109,medium
21.07,90.07,97,medium
19.8,88.8,122,medium
25.33,94.33,159,high
13.45,82.45,72,low
21.19,90.19,109,medium
14.67,83.67,12,low
22.48,91.48,124,medium
29.13,98.13,184,high
17.71,86.71,43,medium
12.42,81.42,60,low
11.97,80.97,15,low
12.93,81.93,20,low
28.76,97.76,147,high
25.27,94.27,153,high
24.2,93.2,188,high
10.05,79.05,5,low
14.6,83.6,5,low
25.86,94.86,141,high
22.7,91.7,116,medium
17.75,86.75,47,medium
18.27,87.27,8,medium
28.61,97.61,132,high
11.61,80.61,70,low
29.6,98.6,160,high
26.12,95.12,167,high
15.19,84.19,64,medium
18.48,87.48,29,medium
22.28,91.28,104,medium
11.0,80.0,9,low
11.26,80.26,35,low
19.77,88.77,119,medium
23.23,92.23,162,high
18.66,87.66,47,medium
21.5,90.5,102,medium
12.83,81.83,10,low
24.9,93.9,187,high
27.46,96.46,159,high
29.56,98.56,156,high
19.63,88.63,105,medium
22.44,91.44,120,medium
13.74,82.74,10,low
26.4,95.4,195,high
19.62,88.62,104,medium
29.04,98.04,175,high
20.62,89.62,128,medium
12.38,81.38,56,low
18.21,87.21,2,medium
21.64,90.64,116,medium
18.24,87.24,5,medium
10.35,79.35,35,low
14.47,83.47,83,low
21.16,90.16,106,medium
16.63,85.63,26,medium
23.11,92.11,150,high
13.37,82.37,64,low
14.8,83.8,25,low
29.96,98.96,196,high
17.62,86.62,34,medium
29.28,98.28,199,high
17.97,86.97,69,medium
27.57,96.57,170,high
24.27,93.27,195,high
18.12,87.12,84,medium
23.02,92.02,141,high
26.08,95.08,163,high
20.04,89.04,108,medium
18.58,87.58,39,medium
13.76,82.76,12,low
16.9,85.9,53,medium
27.62,96.62,175,high
21.84,90.84,98,medium
26.97,95.97,181,high
19.6,88.6,102,medium
26.47,95.47,131,high
11.68,80.68,77,low
18.59,87.59,40,medium
20.25,89.25,129,medium
17.17,86.17,80,medium
24.92,93.92,189,high
23.87,92.87,155,high
22.87,91.87,125,medium
17.6,86.6,32,medium
14.86,83.86,31,low
19.71,88.71,113,medium
28.9,97.9,161,high
18.92,87.92,73,medium
26.49,95.49,133,high
19.02,88.02,83,medium
29.65,98.65,165,high
27.55,96.55,168,high
29.54,98.54,154,high
24.58,93.58,155,high
26.34,95.34,189,high
18.94,87.94,75,medium
14.27,83.27,63,low
28.82,97.82,153,high
14.78,83.78,23,low
15.77,84.77,31,medium
18.81,87.81,62,medium
12.44,81.44,62,low
27.33,96.33,146,high
24.63,93.63,160,high
20.82,89.82,110,medium
19.98,88.98,102,medium
18.63,87.63,44,medium
20.06,89.06,110,medium
17.51,86.51,23,medium
28.21,97.21,163,high
18.55,87.55,36,medium
20.28,89.28,94,medium
22.02,91.02,116,medium
29.52,98.52,152,high
28.71,97.71,142,high
10.83,79.83,83,low
15.17,84.17,62,medium
12.1,81.1,28,low
20.38,89.38,104,medium
26.57,95.57,141,high
19.31,88.31,111,medium
13.64,82.64,0,low
28.75,97.75,146,high
26.65,95.65,149,high
16.11,85.11,65,medium
26.29,95.29,184,high
22.6,91.6,106,medium
27.32,96.32,145,high
21.49,90.49,101,medium
19.5,88.5,92,medium
25.51,94.51,177,high
25.38,94.38,164,high
13.52,82.52,79,low
21.25,90.25,115,medium
14.45,83.45,81,low
11.28,80.28,37,low
12.65,81.65,83,low
10.18,79.18,18,low
17.8,86.8,52,medium
14.53,83.53,89,low
30.0,99.0,200,high
13.96,82.96,32,low
12.45,81.45,63,low
21.56,90.56,108,medium
17.43,86.43,15,medium
16.43,85.43,6,medium
22.34,91.34,110,medium
15.61,84.61,15,medium
13.38,82.38,65,low
11.62,80.62,71,low
15.92,84.92,46,medium
12.95,81.95,22,low
20.58,89.58,124,medium
23.08,92.08,147,high
27.83,96.83,196,high
28.11,97.11,153,high
25.18,94.18,144,high
29.71,98.71,171,high
19.46,88.46,126,medium
23.05,92.05,144,high
16.33,85.33,87,medium
12.24,81.24,42,low
22.15,91.15,129,medium
19.74,88.74,116,medium
17.25,86.25,88,medium
26.84,95.84,168,high
21.4,90.4,92,medium
28.91,97.91,162,high
20.56,89.56,122,medium
25.91,94.91,146,high
28.12,97.12,154,high
27.73,96.73,186,high
28.15,97.15,157,high
18.3,87.3,11,medium
24.79,93.79,176,high
25.07,94.07,133,high
24.3,93.3,198,high
15.32,84.32,77,medium
18.64,87.64,45,medium
21.81,90.81,95,medium
27.93,96.93,135,high
14.79,83.79,24,low
13.98,82.98,34,low
15.95,84.95,49,medium
16.0,85.0,54,medium
12.34,81.34,52,low
13.26,82.26,53,low
19.04,88.04,85,medium
28.37,97.37,179,high
10.69,79.69,69,low
18.67,87.67,48,medium
20.15,89.15,119,medium
17.99,86.99,71,medium
25.57,94.57,183,high
14.98,83.98,43,low
15.71,84.71,25,medium
21.72,90.72,124,medium
10.76,79.76,76,low
13.59,82.59,86,low
19.75,88.75,117,medium
15.25,84.25,70,medium
17.26,86.26,89,medium
13.65,82.65,1,low
10.54,79.54,54,low
22.84,91.84,122,medium
15.01,84.01,46,medium
10.02,79.02,2,low
13.11,82.11,38,low
23.37,92.37,176,high
16.59,85.59,22,medium
18.19,87.19,0,medium
13.14,82.14,41,low
18.54,87.54,35,medium
17.33,86.33,5,medium
14.02,83.02,38,low
24.57,93.57,154,high
24.76,93.76,173,high
15.93,84.93,47,medium
21.91,90.91,105,medium
19.78,88.78,120,medium
21.99,90.99,113,medium
20.74,89.74,102,medium
24.15,93.15,183,high
25.1,94.1,136,high
12.8,81.8,7,low
27.38,96.38,151,high
23.36,92.36,175,high
22.36,91.36,112,medium
14.87,83.87,32,low
23.5,92.5,189,high
17.1,86.1,73,medium
16.48,85.48,11,medium
25.37,94.37,163,high
11.34,80.34,43,low
19.76,88.76,118,medium
26.99,95.99,183,high
10.75,79.75,75,low
17.94,86.94,66,medium
19.24,88.24,104,medium
14.03,83.03,39,low
28.65,97.65,136,high
17.76,86.76,48,medium
12.16,81.16,34,low
29.9,98.9,190,high
18.97,87.97,78,medium
25.94,94.94,149,high
23.54,92.54,193,high
12.33,81.33,51,low
18.85,87.85,66,medium
20.4,89.4,106,medium
15.69,84.69,23,medium
28.17,97.17,159,high
20.8,89.8,108,medium
22.12,91.12,126,medium
18.42,87.42,23,medium
16.29,85.29,83,medium
28.79,97.79,150,high
14.81,83.81,26,low
29.61,98.61,161,high
13.92,82.92,28,low
23.9,92.9,158,high
29.05,98.05,176,high
24.17,93.17,185,high
18.2,87.2,1,medium
12.69,81.69,87,low
29.99,98.99,199,high
20.2,89.2,124,medium
24.03,93.03,171,high
20.41,89.41,107,medium
17.16,86.16,79,medium
24.69,93.69,166,high
15.09,84.09,54,medium
10.62,79.62,62,low
20.14,89.14,118,medium
15.55,84.55,9,medium
18.03,87.03,75,medium
19.83,88.83,125,medium
24.6,93.6,157,high
26.62,95.62,146,high
15.4,84.4,85,medium
26.75,95.75,159,high
17.45,86.45,17,medium
26.18,95.18,173,high
19.42,88.42,122,medium
24.99,93.99,196,high
22.85,91.85,123,medium
27.4,96.4,153,high
26.45,95.45,200,high
10.22,79.22,22,low
27.72,96.72,185,high
12.43,81.43,61,low
23.57,92.57,196,high
19.47,88.47,127,medium
12.36,81.36,54,low
26.56,95.56,140,high
21.03,90.03,93,medium
19.64,88.64,106,medium
18.75,87.75,56,medium
11.74,80.74,83,low
15.5,84.5,4,medium
29.93,98.93,193,high
14.01,83.01,37,low
12.04,81.04,22,low
13.34,82.34,61,low
10.32,79.32,32,low
28.03,97.03,145,high
29.59,98.59,159,high
15.04,84.04,49,medium
20.01,89.01,105,medium
15.38,84.38,83,medium
18.76,87.76,57,medium
22.91,91.91,130,high
14.32,83.32,68,low
23.49,92.49,188,high
10.26,79.26,26,low
27.97,96.97,139,high
14.41,83.41,77,low
11.73,80.73,82,low
16.23,85.23,77,medium
25.35,94.35,161,high
23.83,92.83,151,high
11.91,80.91,9,low
14.17,83.17,53,low
27.9,96.9,132,high
22.92,91.92,131,high
28.81,97.81,152,high
16.74,85.74,37,medium
18.1,87.1,82,medium
22.24,91.24,100,medium
23.85,92.85,153,high
28.54,97.54,196,high
20.77,89.77,105,medium
25.55,94.55,181,high
14.33,83.33,69,low
24.45,93.45,142,high
24.19,93.19,187,high
19.25,88.25,105,medium
28.42,97.42,184,high
22.27,91.27,103,medium
12.78,81.78,5,low
27.58,96.58,171,high
18.17,87.17,89,medium
17.19,86.19,82,medium
29.03,98.03,174,high
18.51,87.51,32,medium
28.83,97.83,154,high
13.2,82.2,47,low
22.96,91.96,135,high
15.52,84.52,6,medium
16.13,85.13,67,medium
18.44,87.44,25,medium
11.41,80.41,50,low
12.73,81.73,0,low
19.96,88.96,100,medium
29.97,98.97,197,high
14.55,83.55,0,low
25.85,94.85,140,high
15.45,84.45,90,medium
20.92,89.92,120,medium
19.13,88.13,93,medium
12.35,81.35,53,low
16.78,85.78,41,medium
26.66,95.66,150,high
23.19,92.19,158,high
18.39,87.39,20,medium
24.74,93.74,171,high
11.04,80.04,13,low
27.05,96.05,189,high
16.51,85.51,14,medium
29.31,98.31,131,high
19.35,88.35,115,medium
18.57,87.57,38,medium
17.73,86.73,45,medium
13.35,82.35,62,low
16.86,85.86,49,medium
22.5,91.5,126,medium
26.94,95.94,178,high
21.76,90.76,128,medium
10.56,79.56,56,low
28.24,97.24,166,high
12.82,81.82,9,low
19.15,88.15,95,medium
28.39,97.39,181,high
21.9,90.9,104,medium
23.48,92.48,187,high
27.34,96.34,147,high
24.71,93.71,168,high
13.47,82.47,74,low
25.03,94.03,200,high
29.7,98.7,170,high
19.9,88.9,94,medium
26.9,95.9,174,high
17.92,86.92,64,medium
13.25,82.25,52,low
24.12,93.12,180,high
10.55,79.55,55,low
15.31,84.31,76,medium
12.92,81.92,19,low
27.67,96.67,180,high
13.6,82.6,87,low
17.4,86.4,12,medium
10.73,79.73,73,low
12.97,81.97,24,low
16.19,85.19,73,medium
17.05,86.05,68,medium
14.85,83.85,30,low
23.76,92.76,144,high
17.02,86.02,65,medium
26.17,95.17,172,high
22.58,91.58,104,medium
18.99,87.99,80,medium
15.18,84.18,63,medium
16.07,85.07,61,medium
22.46,91.46,122,medium
21.35,90.35,125,medium
13.4,82.4,67,low
17.91,86.91,63,medium
23.62,92.62,130,high
28.47,97.47,189,high
16.8,85.8,43,medium
14.08,83.08,44,low
26.93,95.93,177,high
26.72,95.72,156,high
22.25,91.25,101,medium
27.06,96.06,190,high
29.4,98.4,140,high
22.97,91.97,136,high
14.29,83.29,65,low
29.27,98.27,198,high
23.04,92.04,143,high
11.01,80.01,10,low
21.44,90.44,96,medium
13.01,82.01,28,low
15.13,84.13,58,medium
21.02,90.02,92,medium
20.21,89.21,125,medium
16.35,85.35,89,medium
27.31,96.31,144,high
13.42,82.42,69,low
15.0,84.0,45,low
16.91,85.91,54,medium
14.97,83.97,42,low
20.79,89.79,107,medium
21.65,90.65,117,medium
24.42,93.42,139,high
19.27,88.27,107,medium
16.66,85.66,29,medium
15.29,84.29,74,medium
17.9,86.9,62,medium
29.67,98.67,167,high
14.69,83.69,14,low
14.26,83.26,62,low
22.01,91.01,115,medium
25.71,94.71,197,high
23.7,92.7,138,high
12.88,81.88,15,low
25.88,94.88,143,high
19.59,88.59,101,medium
12.85,81.85,12,low
10.64,79.64,64,low
26.01,95.01,156,high
20.37,89.37,103,medium
19.7,88.7,112,medium
15.94,84.94,48,medium
22.86,91.86,124,medium
27.2,96.2,133,high
19.73,88.73,115,medium
12.28,81.28,46,low
24.22,93.22,190,high
23.1,92.1,149,high
21.7,90.7,122,medium
19.33,88.33,113,medium
11.7,80.7,79,low
22.45,91.45,121,medium
19.53,88.53,95,medium
16.08,85.08,62,medium
22.95,91.95,134,high
10.59,79.59,59,low
13.32,82.32,59,low
12.08,81.08,26,low
24.77,93.77,174,high
18.98,87.98,79,medium
23.0,92.0,139,high
24.86,93.86,183,high
22.21,91.21,97,medium
15.26,84.26,71,medium
25.28,94.28,154,high
17.86,86.86,58,medium
28.02,97.02,144,high
29.62,98.62,162,high
19.41,88.41,121,medium
16.06,85.06,60,medium
23.81,92.81,149,high
10.93,79.93,2,low
25.68,94.68,194,high
16.55,85.55,18,medium
19.49,88.49,129,medium
10.8,79.8,80,low
25.15,94.15,141,high
15.58,84.58,12,medium
29.55,98.55,155,high
12.31,81.31,49,low
10.58,79.58,58,low
23.35,92.35,174,high
15.82,84.82,36,medium
27.1,96.1,194,high
13.68,82.68,4,low
11.6,80.6,69,low
26.76,95.76,160,high
25.31,94.31,157,high
23.42,92.42,181,high
13.09,82.09,36,low
18.43,87.43,24,medium
26.31,95.31,186,high
16.21,85.21,75,medium
11.51,80.51,60,low
12.52,81.52,70,low
25.69,94.69,195,high
19.38,88.38,118,medium
22.9,91.9,128,medium
13.43,82.43,70,low
10.38,79.38,38,low
25.67,94.67,193,high
10.15,79.15,15,low
12.98,81.98,25,low
20.02,89.02,106,medium
19.23,88.23,103,medium
15.15,84.15,60,medium
20.19,89.19,123,medium
10.91,79.91,0,low
12.3,81.3,48,low
11.39,80.39,48,low
19.61,88.61,103,medium
18.26,87.26,7,medium
27.52,96.52,165,high
11.75,80.75,84,low
27.47,96.47,160,high
19.54,88.54,96,medium
26.41,95.41,196,high
23.65,92.65,133,high
17.59,86.59,31,medium
20.83,89.83,111,medium
29.1,98.1,181,high
29.22,98.22,193,high
14.91,83.91,36,low
23.97,92.97,165,high
16.1,85.1,64,medium
20.57,89.57,123,medium
18.56,87.56,37,medium
24.38,93.38,135,high
24.56,93.56,153,high
17.14,86.14,77,medium
23.4,92.4,179,high
22.78,91.78,124,medium
27.56,96.56,169,high
11.47,80.47,56,low
15.6,84.6,14,medium
26.74,95.74,158,high
16.62,85.62,25,medium
27.3,96.3,143,high
12.01,81.01,19,low
11.65,80.65,74,low
20.03,89.03,107,medium
14.76,83.76,21,low
22.23,91.23,99,medium
22.67,91.67,113,medium
19.2,88.2,100,medium
22.8,91.8,126,medium
14.12,83.12,48,low
18.61,87.61,42,medium
18.01,87.01,73,medium
16.92,85.92,55,medium
12.18,81.18,36,low
24.49,93.49,146,high
27.0,96.0,184,high
21.18,90.18,108,medium
10.0,79.0,0,low
19.12,88.12,92,medium
11.83,80.83,1,low
11.22,80.22,31,low
21.24,90.24,114,medium
22.74,91.74,120,medium
14.0,83.0,36,low
15.49,84.49,3,medium
20.35,89.35,101,medium
29.0,98.0,171,high
12.99,81.99,26,low
10.04,79.04,4,low
28.51,97.51,193,high
23.21,92.21,160,high
20.45,89.45,111,medium
11.71,80.71,80,low
24.16,93.16,184,high
11.42,80.42,51,low
12.2,81.2,38,low
22.26,91.26,102,medium
27.16,96.16,200,high
23.72,92.72,140,high
25.22,94.22,148,high
19.29,88.29,109,medium
15.1,84.1,55,medium
25.49,94.49,175,high
17.95,86.95,67,medium
25.05,94.05,131,high
24.46,93.46,143,high
16.12,85.12,66,medium
28.93,97.93,164,high
10.71,79.71,71,low
15.59,84.59,13,medium
24.93,93.93,190,high
27.94,96.94,136,high
28.01,97.01,143,high
13.9,82.9,26,low
20.54,89.54,120,medium
16.42,85.42,5,medium
20.69,89.69,97,medium
17.81,86.81,53,medium
17.23,86.23,86,medium
21.88,90.88,102,medium
16.89,85.89,52,medium
28.89,97.89,160,high
27.79,96.79,192,high
25.65,94.65,191,high
19.93,88.93,97,medium
19.03,88.03,84,medium
10.37,79.37,37,low
28.04,97.04,146,high
12.09,81.09,27,low
12.47,81.47,65,low
20.39,89.39,105,medium
26.42,95.42,197,high
29.23,98.23,194,high
19.16,88.16,96,medium
20.53,89.53,119,medium
29.01,98.01,172,high
20.32,89.32,98,medium
26.36,95.36,191,high
23.73,92.73,141,high
25.9,94.9,145,high
21.22,90.22,112,medium
10.86,79.86,86,low
26.88,95.88,172,high
16.5,85.5,13,medium
29.64,98.64,164,high
13.31,82.31,58,low
10.88,79.88,88,low
14.65,83.65,10,low
16.58,85.58,21,medium
17.13,86.13,76,medium
19.79,88.79,121,medium
21.57,90.57,109,medium
16.16,85.16,70,medium
21.66,90.66,118,medium
25.84,94.84,139,high
26.25,95.25,180,high
26.89,95.89,173,high
23.28,92.28,167,high
11.18,80.18,27,low
20.67,89.67,95,medium
17.82,86.82,54,medium
27.91,96.91,133,high
29.34,98.34,134,high
21.36,90.36,126,medium
25.3,94.3,156,high
17.96,86.96,68,medium
11.57,80.57,66,low
12.59,81.59,77,low
29.75,98.75,175,high
22.99,91.99,138,high
14.82,83.82,27,low
21.47,90.47,99,medium
26.37,95.37,192,high
11.8,80.8,89,low
15.84,84.84,38,medium
24.65,93.65,162,high
17.61,86.61,33,medium
24.61,93.61,158,high
10.68,79.68,68,low
13.88,82.88,24,low
15.36,84.36,81,medium
22.19,91.19,95,medium
25.58,94.58,184,high
23.55,92.55,194,high
18.95,87.95,76,medium
26.3,95.3,185,high
10.14,79.14,14,low
29.45,98.45,145,high
22.37,91.37,113,medium
15.88,84.88,42,medium
26.96,95.96,180,high
16.99,85.99,62,medium
24.68,93.68,165,high
18.06,87.06,78,medium
29.18,98.18,189,high
15.76,84.76,30,medium
17.98,86.98,70,medium
10.94,79.94,3,low
22.88,91.88,126,medium
13.56,82.56,83,low
23.92,92.92,160,high
13.71,82.71,7,low
22.83,91.83,129,medium
23.84,92.84,152,high
16.72,85.72,35,medium
29.15,98.15,186,high
27.85,96.85,198,high
14.75,83.75,20,low
24.32,93.32,200,high
26.54,95.54,138,high
28.85,97.85,156,high
27.25,96.25,138,high
11.96,80.96,14,low
22.94,91.94,133,high
24.07,93.07,175,high
17.07,86.07,70,medium
15.83,84.83,37,medium
21.89,90.89,103,medium
13.85,82.85,21,low
29.83,98.83,183,high
11.85,80.85,3,low
23.88,92.88,156,high
28.5,97.5,192,high
15.39,84.39,84,medium
15.7,84.7,24,medium
16.03,85.03,57,medium
13.04,82.04,31,low
23.6,92.6,199,high
21.13,90.13,103,medium
12.96,81.96,23,low
28.53,97.53,195,high
22.68,91.68,114,medium
24.75,93.75,172,high
21.73,90.73,125,medium
11.5,80.5,59,low
14.15,83.15,51,low
14.37,83.37,73,low
18.09,87.09,81,medium
14.63,83.63,8,low
27.42,96.42,155,high
11.17,80.17,26,low
15.57,84.57,11,medium
13.78,82.78,14,low
26.91,95.91,175,high
21.42,90.42,94,medium
14.93,83.93,38,low
29.81,98.81,181,high
23.01,92.01,140,high
10.47,79.47,47,low
21.29,90.29,119,medium
28.72,97.72,143,high
15.11,84.11,56,medium
13.33,82.33,60,low
29.76,98.76,176,high
26.11,95.11,166,high
24.09,93.09,177,high
13.44,82.44,71,low
27.44,96.44,157,high
12.84,81.84,11,low
22.2,91.2,96,medium
11.86,80.86,4,low
13.97,82.97,33,low
14.39,83.39,75,low
29.32,98.32,132,high
11.2,80.2,29,low
28.96,97.96,167,high
18.46,87.46,27,medium
14.3,83.3,66,low
18.35,87.35,16,medium
28.88,97.88,159,high
10.84,79.84,84,low
16.26,85.26,80,medium
15.73,84.73,27,medium
15.85,84.85,39,medium
17.57,86.57,29,medium
17.3,86.3,2,medium
23.14,92.14,153,high
20.64,89.64,92,medium
11.14,80.14,23,low
25.08,94.08,134,high
17.0,86.0,63,medium
15.63,84.63,17,medium
10.41,79.41,41,low
16.36,85.36,90,medium
16.85,85.85,48,medium
24.14,93.14,182,high
18.91,87.91,72,medium
24.29,93.29,197,high
27.53,96.53,166,high
18.38,87.38,19,medium
22.1,91.1,124,medium
27.88,96.88,130,high
13.53,82.53,80,low
27.21,96.21,134,high
26.68,95.68,152,high
11.82,80.82,0,low
28.57,97.57,199,high
17.28,86.28,0,medium
27.27,96.27,140,high
23.2,92.2,159,high
25.75,94.75,130,high
14.74,83.74,19,low
18.41,87.41,22,medium
21.06,90.06,96,medium
27.5,96.5,163,high
10.89,79.89,89,low
24.26,93.26,194,high
11.72,80.72,81,low
26.67,95.67,151,high
14.04,83.04,40,low
25.24,94.24,150,high
26.09,95.09,164,high
21.32,90.32,122,medium
28.33,97.33,175,high
15.54,84.54,8,medium
25.4,94.4,166,high
24.37,93.37,134,high
29.14,98.14,185,high
15.37,84.37,82,medium
23.99,92.99,167,high
24.55,93.55,152,high
19.89,88.89,93,medium
18.89,87.89,70,medium
21.93,90.93,107,medium
29.25,98.25,196,high
26.52,95.52,136,high
17.74,86.74,46,medium
27.51,96.51,164,high
23.13,92.13,152,high
23.71,92.71,139,high
29.73,98.73,173,high
25.72,94.72,198,high
11.4,80.4,49,low
19.44,88.44,124,medium
29.47,98.47,147,high
21.52,90.52,104,medium
14.7,83.7,15,low
12.77,81.77,4,low
14.49,83.49,85,low
12.68,81.68,86,low
29.72,98.72,172,high
20.52,89.52,118,medium
28.8,97.8,151,high
12.81,81.81,8,low
26.92,95.92,176,high
24.34,93.34,131,high
25.0,94.0,197,high
26.0,95.0,155,high
22.55,91.55,101,medium
15.05,84.05,50,medium
12.23,81.23,41,low
18.25,87.25,6,medium
19.52,88.52,94,medium
13.61,82.61,88,low
13.82,82.82,18,low
21.3,90.3,120,medium
28.86,97.86,157,high
26.02,95.02,157,high
16.83,85.83,46,medium
17.36,86.36,8,medium
25.82,94.82,137,high
18.83,87.83,64,medium
14.06,83.06,42,low
10.06,79.06,6,low
23.47,92.47,186,high
17.09,86.09,72,medium
21.85,90.85,99,medium
26.79,95.79,163,high
25.95,94.95,150,high
16.02,85.02,56,medium
22.16,91.16,92,medium
29.39,98.39,139,high
13.49,82.49,76,low
26.7,95.7,154,high
25.36,94.36,162,high
21.28,90.28,118,medium
10.09,79.09,9,low
21.09,90.09,99,medium
23.51,92.51,190,high
15.8,84.8,34,medium
19.88,88.88,92,medium
17.55,86.55,27,medium
25.92,94.92,147,high
26.16,95.16,171,high
26.77,95.77,161,high
11.35,80.35,44,low
12.7,81.7,88,low
28.74,97.74,145,high
12.29,81.29,47,low
11.11,80.11,20,low
23.29,92.29,168,high
13.75,82.75,11,low
24.02,93.02,170,high
21.87,90.87,101,medium
15.9,84.9,44,medium
16.7,85.7,33,medium
24.36,93.36,133,high
15.47,84.47,1,medium
19.01,88.01,82,medium
22.72,91.72,118,medium
10.13,79.13,13,low
26.39,95.39,194,high
18.22,87.22,3,medium
15.78,84.78,32,medium
16.81,85.81,44,medium
10.79,79.79,79,low
12.91,81.91,18,low
29.42,98.42,142,high
22.75,91.75,121,medium
18.6,87.6,41,medium
27.66,96.66,179,high
11.37,80.37,46,low
19.11,88.11,91,medium
17.7,86.7,42,medium
17.35,86.35,7,medium
23.75,92.75,143,high
12.21,81.21,39,low
25.2,94.2,146,high
12.6,81.6,78,low
24.48,93.48,145,high
12.53,81.53,71,low
27.28,96.28,141,high
13.87,82.87,23,low
20.84,89.84,112,medium
21.59,90.59,111,medium
21.04,90.04,94,medium
25.5,94.5,176,high
25.48,94.48,174,high
24.05,93.05,173,high
26.73,95.73,157,high
16.53,85.53,16,medium
27.59,96.59,172,high
17.04,86.04,67,medium
23.64,92.64,132,high
13.54,82.54,81,low
17.03,86.03,66,medium
29.43,98.43,143,high
20.42,89.42,108,medium
12.19,81.19,37,low
25.98,94.98,153,high
14.14,83.14,50,low
12.87,81.87,14,low
14.94,83.94,39,low
15.16,84.16,61,medium
13.12,82.12,39,low
29.46,98.46,146,high
14.24,83.24,60,low
20.34,89.34,100,medium
25.7,94.7,196,high
18.29,87.29,10,medium
18.28,87.28,9,medium
26.95,95.95,179,high
21.45,90.45,97,medium
13.79,82.79,15,low
28.35,97.35,177,high
13.23,82.23,50,low
18.4,87.4,21,medium
27.07,96.07,191,high
10.27,79.27,27,low
20.5,89.5,116,medium
22.35,91.35,111,medium
20.55,89.55,121,medium
11.08,80.08,17,low
13.93,82.93,29,low
12.89,81.89,16,low
18.77,87.77,58,medium
11.43,80.43,52,low
27.74,96.74,187,high
16.94,85.94,57,medium
15.06,84.06,51,medium
19.1,88.1,91,medium
24.87,93.87,184,high
14.56,83.56,1,low
15.35,84.35,80,medium
12.75,81.75,2,low
21.21,90.21,111,medium
25.29,94.29,155,high
22.81,91.81,127,medium
20.49,89.49,115,medium
11.63,80.63,72,low
21.6,90.6,112,medium
21.2,90.2,110,medium
27.45,96.45,158,high
16.32,85.32,86,medium
13.86,82.86,22,low
14.46,83.46,82,low
28.55,97.55,197,high
20.18,89.18,122,medium
23.16,92.16,155,high
15.3,84.3,75,medium
16.31,85.31,85,medium
27.61,96.61,174,high
11.99,80.99,17,low
19.39,88.39,119,medium
28.38,97.38,180,high
27.71,96.71,184,high
18.18,87.18,90,medium
24.11,93.11,179,high
16.46,85.46,9,medium
15.98,84.98,52,medium
22.57,91.57,103,medium
20.78,89.78,106,medium
24.95,93.95,192,high
27.48,96.48,161,high
19.95,88.95,99,medium
29.26,98.26,197,high
22.51,91.51,127,medium
18.84,87.84,65,medium
12.71,81.71,89,low
20.85,89.85,113,medium
29.8,98.8,180,high
28.46,97.46,188,high
11.53,80.53,62,low
13.57,82.57,84,low
27.35,96.35,148,high
21.83,90.83,97,medium
16.4,85.4,3,medium
17.49,86.49,21,medium
21.95,90.95,109,medium
16.52,85.52,15,medium
29.69,98.69,169,high
16.17,85.17,71,medium
25.62,94.62,188,high
22.03,91.03,117,medium
13.15,82.15,42,low
25.45,94.45,171,high
27.04,96.04,188,high
15.23,84.23,68,medium
23.22,92.22,161,high
26.1,95.1,165,high
20.51,89.51,117,medium
27.54,96.54,167,high
17.2,86.2,83,medium
27.89,96.89,131,high
10.97,79.97,6,low
28.34,97.34,176,high
15.91,84.91,45,medium
19.55,88.55,97,medium
13.69,82.69,5,low
29.44,98.44,144,high
29.66,98.66,166,high
19.48,88.48,128,medium
12.66,81.66,84,low
21.08,90.08,98,medium
13.18,82.18,45,low
13.84,82.84,20,low
18.45,87.45,26,medium
20.36,89.36,102,medium
26.59,95.59,143,high
21.62,90.62,114,medium
13.7,82.7,6,low
29.85,98.85,185,high
15.2,84.2,65,medium
25.93,94.93,148,high
23.95,92.95,163,high
21.43,90.43,95,medium
23.25,92.25,164,high
27.37,96.37,150,high
18.49,87.49,30,medium
19.58,88.58,100,medium
14.72,83.72,17,low
25.11,94.11,137,high
23.91,92.91,159,high
10.61,79.61,61,low
17.54,86.54,26,medium
20.86,89.86,114,medium
22.47,91.47,123,medium
26.07,95.07,162,high
17.69,86.69,41,medium
15.33,84.33,78,medium
28.98,97.98,169,high
12.0,81.0,18,low
17.18,86.18,81,medium
29.38,98.38,138,high
26.71,95.71,155,high
11.3,80.3,39,low
13.5,82.5,77,low
26.53,95.53,137,high
26.5,95.5,134,high
28.16,97.16,158,high
25.02,94.02,199,high
27.18,96.18,131,high
23.34,92.34,173,high
16.61,85.61,24,medium
17.78,86.78,50,medium
12.5,81.5,68,low
14.38,83.38,74,low
25.64,94.64,190,high
25.54,94.54,180,high
26.6,95.6,144,high
19.86,88.86,128,medium
22.79,91.79,125,medium
11.06,80.06,15,low
26.23,95.23,178,high
18.73,87.73,54,medium
29.07,98.07,178,high
20.6,89.6,126,medium
20.96,89.96,124,medium
12.07,81.07,25,low
20.16,89.16,120,medium
13.77,82.77,13,low
12.37,81.37,55,low
16.64,85.64,27,medium
28.59,97.59,130,high
13.05,82.05,32,low
29.98,98.98,198,high
18.15,87.15,87,medium
21.46,90.46,98,medium
18.82,87.82,63,medium
18.36,87.36,17,medium
20.13,89.13,117,medium
26.58,95.58,142,high
28.56,97.56,198,high
18.9,87.9,71,medium
10.98,79.98,7,low
24.89,93.89,186,high
27.75,96.75,188,high
15.22,84.22,67,medium
29.95,98.95,195,high
23.43,92.43,182,high
10.17,79.17,17,low
14.95,83.95,40,low
15.53,84.53,7,medium
16.45,85.45,8,medium
11.76,80.76,85,low
12.27,81.27,45,low
24.44,93.44,141,high
24.04,93.04,172,high
15.62,84.62,16,medium
18.96,87.96,77,medium
10.51,79.51,51,low
15.75,84.75,29,medium
22.4,91.4,116,medium
24.73,93.73,170,high
25.12,94.12,138,high
12.94,81.94,21,low
17.47,86.47,19,medium
24.54,93.54,151,high
23.98,92.98,166,high
17.01,86.01,64,medium
16.6,85.6,23,medium
28.94,97.94,165,high
16.67,85.67,30,medium
20.27,89.27,93,medium
23.17,92.17,156,high
10.7,79.7,70,low
27.19,96.19,132,high
13.3,82.3,57,low
14.57,83.57,2,low
11.56,80.56,65,low
10.74,79.74,74,low
17.93,86.93,65,medium
11.27,80.27,36,low
17.22,86.22,85,medium
10.43,79.43,43,low
15.46,84.46,0,medium
27.15,96.15,199,high
20.81,89.81,109,medium
16.49,85.49,12,medium
14.54,83.54,90,low
19.28,88.28,108,medium
14.52,83.52,88,low
28.0,97.0,142,high
25.6,94.6,186,high
10.25,79.25,25,low
23.12,92.12,151,high
16.41,85.41,4,medium
16.37,85.37,0,medium
24.31,93.31,199,high
22.93,91.93,132,high
15.28,84.28,73,medium
13.17,82.17,44,low
19.08,88.08,89,medium
20.26,89.26,92,medium
28.31,97.31,173,high
19.92,88.92,96,medium
13.51,82.51,78,low
11.58,80.58,67,low
21.14,90.14,104,medium
10.01,79.01,1,low
22.29,91.29,105,medium
18.05,87.05,77,medium
27.78,96.78,191,high
10.72,79.72,72,low
12.9,81.9,17,low
18.31,87.31,12,medium
21.94,90.94,108,medium
10.07,79.07,7,low
14.34,83.34,70,low
14.61,83.61,6,low
14.13,83.13,49,low
13.91,82.91,27,low
24.51,93.51,148,high
14.4,83.4,76,low
12.14,81.14,32,low
20.3,89.3,96,medium
28.41,97.41,183,high
12.64,81.64,82,low
24.41,93.41,138,high
19.69,88.69,111,medium
20.29,89.29,95,medium
24.8,93.8,177,high
26.22,95.22,177,high
17.37,86.37,9,medium
21.01,90.01,129,medium
26.44,95.44,199,high
11.49,80.49,58,low
10.16,79.16,16,low
24.83,93.83,180,high
12.57,81.57,75,low
24.59,93.59,156,high
18.23,87.23,4,medium
10.5,79.5,50,low
23.86,92.86,154,high
23.41,92.41,180,high
13.66,82.66,2,low
11.36,80.36,45,low
22.33,91.33,109,medium
15.89,84.89,43,medium
12.67,81.67,85,low
22.07,91.07,121,medium
28.78,97.78,149,high
17.65,86.65,37,medium
24.72,93.72,169,high
15.48,84.48,2,medium
28.67,97.67,138,high
24.5,93.5,147,high
26.82,95.82,166,high
13.19,82.19,46,low
16.34,85.34,88,medium
18.11,87.11,83,medium
13.29,82.29,56,low
22.17,91.17,93,medium
28.48,97.48,190,high
16.71,85.71,34,medium
27.98,96.98,140,high
11.15,80.15,24,low
13.63,82.63,90,low
22.98,91.98,137,high
17.64,86.64,36,medium
25.53,94.53,179,high
16.77,85.77,40,medium
18.88,87.88,69,medium
28.1,97.1,152,high
10.12,79.12,12,low
27.65,96.65,178,high
14.48,83.48,84,low
29.16,98.16,187,high
28.58,97.58,200,high
24.81,93.81,178,high
23.8,92.8,148,high
19.18,88.18,98,medium
22.69,91.69,115,medium
28.69,97.69,140,high
29.82,98.82,182,high
22.14,91.14,128,medium
27.63,96.63,176,high
17.79,86.79,51,medium
16.15,85.15,69,medium
18.08,87.08,80,medium
21.34,90.34,124,medium
25.25,94.25,151,high
27.6,96.6,173,high
14.64,83.64,9,low
27.24,96.24,137,high
12.05,81.05,23,low
24.67,93.67,164,high
24.1,93.1,178,high
21.82,90.82,96,medium
10.45,79.45,45,low
27.22,96.22,135,high
12.46,81.46,64,low
16.87,85.87,50,medium
